{"coins":{"YKazin":{"bitcoin":0.04487766,"dash":0.12556303,"ethereum":0.1,"monero":0.22858,"ripple":0,"sibcoin":3.23}}}