{"coins":{"Chernov":{"bitcoin":0.0135117},"YKazin":{"bitcoin":0.05086186,"dash":0.12556303,"ethereum":0.1,"monero":0.22858,"ripple":0}}}